"Airsoft Action - the airsoft magazine","MagazineCloner.com Limited","Airsoft Action’s focus is to inform, excite, challenge and entertain at all levels of experience, edited by Nigel Streeter, founding editor of the successful paintball magazine, Paintball Monthly.Innovative and up-to-date, Airsoft Action provides news; product, site and event reviews; technical articles (kit tactics and maintenance); personal and team profiles; and many more themed ideas and real-world examples of interest to Airsoft enthusiasts.Further future issues and back issues can be purchased within the app. Subscriptions are also available within the application. A subscription will start from the next released issue. Available subscriptions are: 6 months: £19.99/ US$ 26.99 (up to 7 Issues) 12 months: £37.99/ US$47.99 (13 Issues) -The subscription will renew automatically unless cancelled more than 24 hours before the end of the current period, you will be charged for renewal within 24 hours of the end of the current period, for the same duration and at the current subscription rate for the product. -You may turn off the auto-renewal of subscriptions through your Account Settings, however you are not able to cancel the current subscription during its active period. -Payment will charged to your iTunes account at confirmation of purchase and any unused portion of a free trial period, if offered, will be forfeited when a subscription to that publication is purchased Bundles of single issues can be also be bought within the application. To use purchased credits, simply click on the issue price and select ‘use credit’. This allows you to purchase back issues at reduced prices. Users can register for/ login to a pocketmags account in-app. This will protect their issues in the case of a lost device and allow browsing of purchases on multiple platforms. Existing pocketmags users can retrieve their purchases by logging into their account. We recommend loading the app for the first time in a wi-fi area so that all issue data is retrieved. If your app will not load past the splash page after a first install or an update please delete and reinstall the app from the App Store Help and frequently asked questions be accessed in-app and on pocketmags. If you have any problems at all please do not hesitate to contact us: help@pocketmags.com -------------------- You can find our privacy policy here: http://www.pocketmags.com/privacy.aspx You can find our terms and conditions here: http://www.pocketmags.com/terms.aspx","Free","Sports","6.6 MB","MagazineCloner.com Limited","4 stars","16 Ratings","https://itunes.apple.com/us/app/airsoft-action-airsoft-magazine/id472640792?mt=8""
"
"Real Estate - Homes for Sale, Apartments for Rent","Trulia, Inc","""Best way to house hunt, hands down!"" ""Great app, very useful and easy to use"" ""Must-have app for the home buyer or renter"" Trulia’s top-rated real estate app makes searching for a home easier than ever. With just a tap, you can see homes for sale or apartments for rent near you. Refine your search by location, home features, and more. Or simply enter keywords to see real estate listings just right for you. Store your criteria to get alerts when new homes that match your search hit the market, or when a property nearby is listed. And with our newest feature, boards, you can organize, narrow, and share your favorite homes with friends, family, or by yourself. Now more immersive than ever, you can scroll through homes directly from the map, and quickly compare properties with full-bleed photo snapshots. Then go beyond the home: explore a neighborhood with full-screen interactive maps showing crime, schools, amenities and more. The Trulia real estate app is the easiest, most pleasing way to get the real estate info you crave - while at home, or on the go. Key features: • NEW on iPhone! Boards: the simple way to organize, narrow, and share your favorite homes.• Instant Search: Using GPS, instantly see nearby homes for sale, open houses, or apartments for rent.• Custom Searches: Add search filters like price, neighborhood, number of beds and more. • Full-screen Photos: Scroll through vivid, full-screen photos of homes. • Digestible Info: Get helpful property info and home facts in a simple-to-use format. • Instant Updates: Get notified when new properties that meet your search criteria are listed• Nearby Home Alerts: Get instantly alerted when homes near you hit the market.• Instant Updates: Get alerts when the status of homes you are following changes. • Local Info: Get school ratings and median price information for any city. Also see nearby schools, restaurants and grocery stores on a map. • Interactive Maps: See maps showing crime, school zones, average prices and more. • Mortgage Calculator: Get personalized rates and calculate your mortgage. • Anytime Access: Log in to see your saved searches and homes across all your devices. • Connect w/Agents: Quickly contact relevant real estate agents. We’d love to hear your feedback! Email us anytime at iPhone@trulia.com. Note: Trulia is only for properties in the USA at this time.Disclaimer: Continued use of GPS running in the background can dramatically decrease battery life.","Free","Lifestyle","30.8 MB","Trulia, Inc","4 stars","337 Ratings","https://itunes.apple.com/us/app/real-estate-homes-for-sale/id288487321?mt=8""
"
"My Talking Tom","Outfit7 Limited","Discover the #1 games app in 135 countries! Adopt your very own baby kitten and help him grow into a fully grown cat. Name him and make him part of your daily life by feeding him, playing with him and nurturing him as he grows.Dress him up any way you like and pick from a wide selection of fur colors and other accessories. Decorate his home and check out how others decorated their My Talking Tom homes. Play games with your Tom and watch as he becomes a part of your everyday life. FEATURES: - Play over 10 mini-games: Memory Game, Whack-A-Mouse, Connect and more! Earn gold coins and have fun! - Record & watch videos: Record and share your own My Talking Tom videos and watch other videos too.- Nurture your very own Tom: Play games with him, feed him his favorite foods, tuck him into bed. - Visit your friends & other players' Talking Toms: Check out the apartments and look of other Toms, find treasure chests and get coins! - Enjoy life-like emotions: Tom can be happy, hungry, sleepy, bored... his emotions change according to how you play with him. - Unleash your creativity: Create your very own Tom by choosing from 1000’s of combinations of furs, clothing and furniture. - Get rewards as you progress: Help Tom grow through 9 different stages and 999 levels unlocking new items and coins as you go! - Interact with Tom: Talk and Tom still repeats everything you say. Poke, stroke and tickle him, and watch how he responds. This app is PRIVO certified. The PRIVO safe harbor seal indicates Outfit7 has established COPPA compliant privacy practices to protect your child’s personal information. Our apps do not allow younger children to share their information.This app contains:- Promotion of Outfit7's products and contextual advertising- Links that direct customers to our websites and other Outfit7 apps- Personalization of content to entice users to play the app again- The possibility to connect with friends via social networks- Watching videos of Outfit7's animated characters via You Tube integration- The option to make in-app purchases- Items are available for different prices in virtual currency, depending on the current level reached by the player- Alternative options to access all functionalities of the app without making any in-app purchases using real moneyTerms of use: http://outfit7.com/eula-ios/Privacy policy: http://outfit7.com/privacy-policy/","Free","Games","80.3 MB","Outfit7 Limited","4 and a half stars","1549 Ratings","https://itunes.apple.com/us/app/my-talking-tom/id657500465?mt=8""
"
"365Scores - Live Sports Scores & News","365Scores","365Scores is made especially for sports fans! The fastest FREE push notifications straight to your iPhone, with video highlights! Never miss a game event and always have all sports news.  Not just for Football, Basketball, Baseball & Ice Hockey but 5 other sports too. Each sports fan is unique, that is why 365Scores is completely customizable, get full coverage of the Sports, Teams & Leagues that you select.If you haven’t tried 365Scores, now is the time to give it a try with our latest iOS 7 redesign.Perfect for football hungry fans but we know that everyone has more than one sport or many.Current Sports coverage: Football, Basketball, Baseball & Ice Hockey, Tennis, Soccer, Rugby, Handball and Volleyball.BENEFITS FOR SPORTS FANS::• Fastest customizable push notifications straight to your iPhone• Score Highlights and End of Game Highlights sent to your phone• Keep up to date on all game events: Goals, Yellow & Red Cards, live statistics, substitutions and lineups• Full News coverage of your selected teams and leagues• All teams and player Tweets for you in one place• Video Library of best sports videos from around the world• Current Standings and Fixtures• Match Centre with all the coverage you need for the matches you are interested in• Chat with fans and rivals and support your team• Send videos and news to your friends in our chat service and keep the sports conversation going• Predict the winner and challenge your friends• TV Schedule for matches so you don’t miss your team’s game.Keep updated on your sports and connect with fellow fans by liking our Facebook page: www.facebook.com/365Scores and following us on Twitter @365ScoresWe are here to help, please send us feedback from Settings in the app or at contact@365Scores.","Free","Sports","52.4 MB","365Scores LTD","5 stars","369 Ratings","https://itunes.apple.com/us/app/365scores-live-sports-scores/id571801488?mt=8""
"
"PressReader - connecting people through news","NewspaperDirect Inc","PressReader is the ultimate news App. Get an endless stream of top news stories in a personalized home feed. Plus, download complete issues of thousands of top newspapers and magazines just as they appear in print. Millions of people use PressReader to read, share and talk about news. Get all the content you love from 100+ countries and in 60+ languages. -Voted the Best Newspaper App Ever for iOS for two consecutive years!-Award winning App digitally presents content in its original printed form with editorial, illustrations, layout and formatting!- “PressReader offers a more traditional newspaper-reading experience than any other iPad app.” - Rick Broida, CnetGet the publications you love reading all in one place. Top quality journalism lives here!  PressReader is without a doubt the most feature-rich and entertaining newspaper and magazine reading App you’ll ever use. Travelling or on the go? You can also download your favorite newspapers and magazines at PressReader HotSpots available in leading hotels, libraries and lounges, and on top airlines and cruise lines worldwide.KEY FEATURES:-Easily discover content searching by publication name, interest, country, or language preference-Read publications and stories just as they appear in print-Read full stories in an attention-grabbing, horizontal news stream in text view mode-Personalize your news feed with specific sections from publications to build your own newspaper or magazine-Download full issues for offline reading-Instantly translate stories in up to 16 languages-Listen to stories with on-demand narration-Find stories on your topic with advanced search across multiple publications-Bookmark articles for later reading, reference or sharing-Comment on articles and make your opinions heard-Vote on articles to show support or opposition of viewpoints-Print full-content pages or articles-Copy and paste entire articles into other applicationsPressReader is also available on the Web at www.pressreader.com.Connect with us!Twitter: @PressReaderFacebook: http://www.facebook.com/PressReader YouTube: http://www.youtube.com/pressdisplay LinkedIn: http://www.linkedin.com/company/pressreaderBlog: http://blog.pressreader.comFAQs and Support -- -Subscriptions are available on a monthly basis at a cost of $39.99-Subscription payment is charged to a user’s iTunes account at confirmation of purchase-(Optional) Monthly subscriptions will auto-renew unless the feature is set to off at least 24 hours before the current subscription period ends-Renewals will be charged to your iTunes account 24 hours prior to the end of the current subscription period-(Optional) Auto-renewals may be turned off by navigating to your account settings after subscription purchase-Subscription cancellation is unavailable during an active subscription period-Any unused portion of a free trial period will be forfeited when you purchase an in-app subscription or if you decide to migrate to an authorized subscription from in-app","Free","News","21.1 MB","NewspaperDirect Inc","4 and a half stars","44 Ratings","https://itunes.apple.com/us/app/pressreader-connecting-people/id313904711?mt=8""
"
"InstaQuote - add text captions to photos and pictures for Instagram","Red Cactus LLC","Create beautiful text pictures for Instagram.Have you ever wanted to add words to a photo? Or share your thoughts on Instagram? Then you'll LOVE InstaQuote!-----> DOWNLOAD NOW <-----WHY YOU’LL LOVE INSTAQUOTE- 20 fashionably designed templates- Choose backgrounds from high quality background collections- Use your own photos for backgrounds- Export to Instagram, your camera roll, Facebook, or Twitter - Use As Background feature to layer different fonts- Customize your words – font size, color, alignment, position & line spacing- Tap on words to add emphasis- Change the hue, saturation, brightness, contrast, or blur your background- 50+ unique and creative font choicesWHAT OTHERS ARE SAYING+++++Amazing, user-friendly app. Effortless design.+++++Easy, fast, and amazing!+++++I love instaquote! I use it all the time!+++++Totally awesome! I can now express myself more deeply on Instagram! Thanks alot!+++++All my followers comment on how much they like my captions.","Free","Photo & Video","30.4 MB","Red Cactus LLC","4 and a half stars","637 Ratings","https://itunes.apple.com/us/app/instaquote-add-text-captions/id551012097?mt=8""
"
"US Airways","US Airways","Take US along wherever you go! Log in once and you'll have fast and easy access to everything you need  - trips, flight status, boarding passes, check-in and more. Download the app today and you can also:- Quickly view flight info from your recent searches- Check in quickly from 'My trips' - Look up, label and organize your trips - Store all your boarding passes in Passbook- Email trip info to your friends and family- See club locations and terminal information- Access your Dividend Miles account and read newsMobile boarding passesWhen you check in, choose 'Send my passes to my smartphone' and enter the email address you used to register. Then, you can access all your passes in Passbook. Free in the airYou can use the US Airways app and usairways.com for free on flights with Gogo internet!Upon installation, you are consenting to the install of this application and any future updates or upgrades you may request. Contact US: 1-800-327-7810","Free","Travel","12.4 MB","US Airways","1 star","95 Ratings","https://itunes.apple.com/us/app/us-airways/id672188283?mt=8""
"
"Whisper - Share, Express, Meet","WhisperText LLC.","Anonymous secret-sharing and messaging for free!See secrets posted by people near you or from your school!Whisper, the first anonymous social network, is  the best place for people to express themselves, connect with like-minded individuals, and discover the unseen world around them. Whisper allows you to anonymously share your thoughts, stories, and feelings with the world and form meaningful relationships in a community built on trust and honesty. If you have ever had something too intimate to share on traditional social networks, simply share it on Whisper!Highlights• See secrets anonymously posted by people near you• Add your school to see secrets posted by your classmates• Create and publish your whispers to a realtime stream for instant social interaction• Connect with others with FREE private messaging• Respond to other Whispers with your own anonymous Whispers• Discover Whispers from around the world• Browse Whispers on topics that interest you most• Oh, and it’s 100% free!","Free","Social Networking","13.2 MB","WhisperText LLC.","4 stars","594 Ratings","https://itunes.apple.com/us/app/whisper-share-express-meet/id506141837?mt=8""
"
"Secret Handbook for iOS 7 Lite - Tips & Tricks Guide for iPhone","Simon Blog","Redesign for iOS 7 and covers over 200 tips & tricks for iPhone! Don't miss this free guide!***** ""Incredible helpful hints. - I learn something new every time I open this app."" Take your iPhone knowledge to the next level with this ultimate handbook. It covers all hidden tips and tricks including how you can create free iPhone ringtones, take better camera shots and improve battery life. CUSTOMER REVIEW ---------------- ""Very informative application. This is the Handbook or manual that Apple should have included with regular applications. It is a tutorial that every iPhone owner's should read, learned, and practice."" ""Wonderful application. What a big job."" ""The app is one of the best handbook with tips and tricks! It is very useful!"" ""This app really helped me understand the iOS and I learned s lot of shortcuts."" FEATURES -------- * Covers over 200 tips and tricks including the iOS 7 * Get the most out of your iPhone battery with battery saving tips * Unlike an ordinary iPhone book, this handbook will be updated when any new iOS version is out. The best is you get free update! * Share your tip with your friends via email, Twitter and FacebookIf you're new to iPhone or iOS 7, this handbook is specially for you. You'll learn the everything you need to know about the device. We try to keep the tips short and easy to follow with lots of screenshots to walk you through. This handbook is not just for beginners. Even you've been a long-time iPhone user, we're sure you'll find some tips useful and make you more productive. SAMPLE TIPS ---------- - How to use AirDrop to share files - How to block your caller ID when making a call - How to use burst mode in camera - How to enlarge the font size in Notes, Mail and Messages app - How to dial a phone number with extension - How to use conditional call forwarding (e.g. call forward when busy) - How to type foreign language - How to open an attachment in Mail with your preferred app - How to sync a note and save it to your email account - How to create free custom ringtone - How to disable Messages preview - How to locate your lost/stolen iPhone - How to remotely wipe your lost iPhone to prevent unauthorized access - How to unzip file and email attachment - How to use iPhone as a remote for iTunes and YouTube GOT IPHONE PROBLEMS? --------------------- We also cover tips to resolve some common issues such as Wi-Fi connection problems and iPhone hang issue. The app is ad-supported. If you do not want ads, we also offer a full version for upgrade.","Free","Books","24.6 MB","Leung Wai Ng","3 stars","12 Ratings","https://itunes.apple.com/us/app/secret-handbook-for-ios-7/id463462029?mt=8""
"
"Atari's Greatest Hits","Atari","Over 9 MILLION downloads in the App Store! Download this App to receive Missile Command for FREE, and collect up to 100 classic Atari games! Relive the Golden Age of Gaming with a collection of the most popular retro games from the 70s and 80s. This extensive catalog pays homage to each of the originals, with controls designed to mimic what Atari fans remember from 30 years ago! For those who love the classic gaming experience, this handheld breakthrough is sure to guarantee hours of fun.____________________________________“Atari's Greatest Hits is absolutely one of the very best buys in the App Store.” – TouchArcade ""Overall, the scope of Atari's Greatest Hits is amazing. It’s certainly the best emulator on the App Store for content and presentation.” – AppGamer ""Atari's Greatest Hits features a mesmerizing amount of nostalgia in one app.” – CNet ____________________________________FEATURES:• Get Missile Command for FREE!• Access to 100 classic Atari 2600 and arcade games including ASTEROIDS and CENTIPEDE • In-app purchases will unlock across all devices associated with the player’s account • Bluetooth multiplayer for head-to-head play for titles such as WARLORDS, TEMPEST and more!• Original cabinet and box art• Play with the official Atari® Arcade – Duo™ Powered joystick. http://bit.ly/atariarcade Play games in three unique ways:1. 25 separate packs available for download at $0.99 each 2. Buy all 100 games for a discounted price of $9.99 3. Purchase tokens for individual game plays (not needed for game packs already purchased) Play anywhere, anytime!_______________________________________ Come check out the latest updates, or talk to us directly!Like us on Facebook:http://www.facebook.com/AtarisGreatestHitsAtari Web SiteAtari's Greatest Hits Support","Free","Games","76.0 MB","Atari, Interactive","3 and a half stars","47 Ratings","https://itunes.apple.com/us/app/ataris-greatest-hits/id422966028?mt=8""
"
"Laugh & Learn™ Learning Letters Monkey App","Fisher-Price","A fun-filled learning app that features baby’s favorite Laugh & Learn™ characters! Babies are encouraged to interact with engaging animations, sing-along songs & sound effects. While this app is absolutely free and fun on its own, the app comes to life with the purchase of the Apptivity Monkey. Place your Apple device in the Monkey and press his paws to interact with the content on screen. Features: 4 Modes of play: ABC - Touch the screen or press Monkey’s ABC paw to advance through the alphabet with fun animations. After letter “Z”, sing and dance along to the ABC song. 123 - Touch the screen or press Monkey’s 123 paw to advance through numbers 1-10, at the end sing along to the counting song. Shapes & Colors - Touch the screen or press Monkey’s shape paw to learn about shapes and colors through fun animations.  Music - Touch the screen or press Monkey’s music paw to sing and dance to 4 songs! Tilt the device to hear Monkey giggle! Teaches letters A-Z, numbers & counting 1-10, shapes, colors, and action/re-action===============================================================================We recommend parent and child joint media engagement. See our Media Viewing Tips at:  http://www.fisher-price.com/en_US/playtime/keepinmind.html","Free","Education","24.6 MB","Fisher-Price, Inc.","3 and a half stars","78 Ratings","https://itunes.apple.com/us/app/laugh-learn-learning-letters/id525811595?mt=8""
"
"Talking Ted LITE","NBCUniversal Media, LLC","Talking Ted is a soundboard mobile application that has animated video along with your favorite lines from the movie.  You can control Ted's actions and record a video of his actions to share with your friends!  Creator Seth MacFarlane brings his boundary-pushing brand of humor to the big screen for the first time as writer, director and voice star of Ted.  In the live action/CG-animated comedy, he tells the story of John Bennett (Mark Wahlberg), a grown man who must deal with the cherished teddy bear who came to life as the result of a childhood wish…and has refused to leave his side ever since.Look for Ted on Blu-ray, DVD and Digital Download 12/11.Enable WiFi to install application.","Free","Entertainment","40.9 MB","NBCUniversal Media, LLC","3 and a half stars","63 Ratings","https://itunes.apple.com/us/app/talking-ted-lite/id532604210?mt=8""
"
"TripCase","Sabre Inc.","TripCase is a traveler’s key to better trips. It’s an intelligent mobile app that guides you through every stage of your trip, making you the savviest traveler out there. Save yourself time and the hassle of not knowing what's coming. Use TripCase to be connected and prepared when you travel.HOW TO TRAVEL WITH TRIPCASE?• Add ALL your trip details (flight, dinner reservations, hotel, meetings, etc.) to TripCase. The more robust your itinerary, the more informed you’ll be.• Send your trip confirmation emails to trips@tripcase.com and they’ll be placed into TripCase. Or, add the details manually on your computer or mobile device.• Combine bookings from multiple sources (travel agency or a hotel website, for example) into one itinerary, so nothing is forgotten.• Edit and delete items so your itinerary is exactly how you want it to appear.• Access important messages and FREE flight alerts based on your trip details.• Discover exactly how long your layover is within the flight details of your trip.• Add notes to your itinerary with reminders or other thoughts, ideas and details.• Share some or all of your travel plans with friends, family and colleagues.• Easily locate weather, driving directions, seat maps, alternate flight options and phone numbers within the app. • View your past and current trips in two different tabs within My Trips.","Free","Travel","6.4 MB","Sabre Inc","4 and a half stars","25 Ratings","https://itunes.apple.com/us/app/tripcase/id309620151?mt=8""
"
"Studio Design","Overlay Studio Inc","MASHABLE: ""What Instagram Did For Photography, This App Will Do For Design""MACLIFE: ""Studio Design will help you turn out top-notch visual creations.""APPADVICE: ""Unleash Your Inner Designer With Studio Design""JOIN THE REMIX REVOLUTION!Add beautiful layers to your photos and share your creativity with friends and family. Don’t think you’re a creative person? Let Studio help you create things you never thought you could with the power of Remixing.- ‘Remix’ any design you see!- Thousands of free shapes, crops and fonts - Powerful photo filters- Easy export to Facebook, Instagram, Twitter and more- Search millions of ideas for inspiration- Connect with friends and see their designsStudio is the first social design platform that lets you browse and remix designs from other users. If you see a design you love just tap the ‘remix’ button and make it your own. It’s never been this easy to design!Download Studio and show off your creativity!","Free","Photo & Video","26.8 MB","Overlay Studio INC","4 and a half stars","110 Ratings","https://itunes.apple.com/us/app/studio-design/id671866502?mt=8""
"
"Moe's Southwest Grill","splick•it, inc","Conveniently order food ahead and avoid the wait at your favorite Moe's Southwest Grill location! Authentic Mexican cuisine you can order on the web or in the user-friendly app! Burritos, bowls, quesadillas, tacos and more are all available for quick, hassle-free mobile & online ordering.The official Moe's Southwest Grill app, powered by Splick.it, allows you to find and order from nearby restaurants in a quick and convenient way. Customize your meal, redeem mobile & web promotions, discounts and offers, select a pickup time and your food is ready for takeout when you arrive at your local restaurant. You can skip to the front of the line, pickup your food, and go!Features:-Easily locate nearby Moe's Southwest Grill restaurants that accept mobile and online ordering-Choose from the full menu-Pay & order ahead - select a pickup time up to four hours in advance-Features special offers, coupons, and promotions for delicious deals-Save your favorite meals for faster orders-Share activity with friends & family on Facebook and Twitter-Even leave a tip!Why you'll love it:-Avoid lines!-Maximize your time during your lunch break-In-a-hurry-friendly takeout ordering-Makes group ordering a breeze - for families or offices-Customize and save your favorite meals for fast and easy ordering-View the menu and select your toppings to customize your order-Use the app for great deals-Safe & secure payment options","Free","Food & Drink","10.5 MB","splick it, inc","5 stars","64 Ratings","https://itunes.apple.com/us/app/moes-southwest-grill/id389854659?mt=8""
"
"iHome+Sleep, the alarm clock app from the experts on alarm clocks","iHome","iHome+Sleep is the award-winning*, feature-rich alarm clock for iOS devices from iHome. iHome+Sleep requires iOS 6.0 or later on iPhone, iPod touch, or iPad. For extensive information about iHome apps and app-enhanced products, visit us at http://www.ihomeaudio.com/apps.iHome+Sleep is the most feature rich alarm clock app for iOS. Including many ways to enhance your sleep lifestyle, including:• Fully customizable alarm manager• Nap alarms• Gentle wake• Wake and Sleep volume control• Wake and Sleep to iPod library• Wake and Sleep to Internet Radio (requires TuneIn account) * this feature is currently unsupported, a fix will be submitted soon to restore the usability• Wake and Sleep to Zen Sounds (requires iHome Zen app. **PLEASE NOTE: This feature requires an iCloud account! You must be logged in to iCloud to get Zen sounds in iHome Sleep!**)• Full screen clock display with custom photo backgrounds• Sleep statistics and editable sleep log• Wake and Sleep reminders* Award-winning:iHome+Sleep and related app-enhanced products have won numerous awards, including:• 2010 CES Innovations Design and Engineering Award (iA5)• 2011 CES Innovations Design and Engineering Award (iA100)• 2011 CES Innovations Design and Engineering Award (iA63)• iLounge's CES 2010 Best of Show (iHome+Sleep, iA100)• iLounge's CES 2010 Best of Show Finalist (iA5)• Chicago Tribune: Gadget Roundup's Gadget of the Year 2010 (iA100)• iLounge's 2010 Clock Radio of the Year (iA100)• iLounge's 2010 iPad/iPhone/iPod Accessory of the Year (iA100)The Innovations Design and Engineering Award is based upon descriptive materials submitted to the judges. CEA did not verify the accuracy of any submission or of any claims made and did not test the item to which the award was given.","Free","Utilities","40.6 MB","SDI Technologies","2 stars","76 Ratings","https://itunes.apple.com/us/app/ihome+sleep-alarm-clock-app/id346249053?mt=8""
"
"NYTimes — Breaking National & World News","The New York Times Company","Introducing the New York Times app for iPhone.Experience The Times’s award-winning journalism, elegantly designed with enhanced imagery and multimedia and streamlined navigation. The NYTimes app also includes our International Edition with global news and cultural content from our 50 bureaus around the world. App Features:• Watch exclusive videos and browse our award-winning photographs• Breaking news notifications - enable alerts about major developing stories, including custom notifications for Business, Politics, Sports and New York City• In Case You Missed It - a collection of our most popular articles, tailored to your personal reading history• Read the latest news with automatic background refresh• Save articles to revisit later on any device• Customize your sections list and add your favorite blogs for easy access• Share articles, photos and videos through Facebook, Twitter, email, SMS and AirDropThe NYTimes app is free to download, and all users can access up to 10 free articles per month, from any section. Subscribers get full access to over 25 sections, plus unlimited access to NYTimes.com, with a Times Digital Subscription.Subscribe now and your first week is free.*Subscription Options:• NYTimes.com + Smartphone Apps for $14.99 per month• All Digital Access (including the NYTimes apps for iPhone and iPad + NYTimes.com) for $34.99 per month• Times Premier (including All Digital Access) for $44.99 per month. Times Premier members also receive Times Insider blog access on the iOS apps, as well as web access to the Times Insider blog, Times Talks, TBooks, special Times crosswords and more.All subscriptions also include:- Unlimited access to NYTimes.com from any device- Unlimited access to Today’s Paper web app from desktop and tablet- Unlimited access to NYT Now — available now for download on the iPhone; $8/month value- Times Machine Archive — Browse full issues, including articles, photos and ads from the past; 100 articles per month- What We’re Reading — Weekly guide to recommended reading on the webAll Digital Access members may also share their subscription with a family member. Times Premier members may share their subscription with two family members.Your subscription will automatically renew each month and your credit card will be charged through your iTunes account. You can turn off auto-renew at any time from your iTunes account settings.Feedback? Suggestions? Issues? Please contact us at iphone@nytimes.com or (800) 591-9233. We’ll do our best to assist you. Your feedback is important to us.*Promotional offers for new subscribers only. Smartphone and tablet apps are not supported on all devices. NYTimes.com + Smartphone Apps, NYTimes.com + Tablet Apps and All Digital Access subscriptions do not include e-reader editions, Times Premier content, or The New York Times Crossword. Prices shown are in U.S. dollars. Other restrictions apply.","Free","News","31.1 MB","The New York Times Company (iDP)","2 stars","10 Ratings","https://itunes.apple.com/us/app/nytimes-breaking-national/id284862083?mt=8""
"
"Onefootball - Football News & Live Scores","Onefootball GmbH","Onefootball is the best app for football fans. Get all the latest football news, live scores, results, highlights and more from the Premier League, Champions League and all international competitions.EVERY MATCH, EVERY GOALGet close to the action with Onefootball’s minute-by-minute live commentary – written by experts and with super fast push notifications. You can also predict the result of all Premier League matches and vote your ‘Oneplayer’.ALL THE NEWS & TRANSFERSYour daily dose of everything that happens on and off the pitch. The best news from all international competitions, including detailed analyses, transfer rumors and more.EVERYTHING ABOUT YOUR CLUBAll you need to know about your favorite team: Fixtures, insider news and video channels are always on hand in the team section.ALL THE LEAGUES & TEAMSExplore the global world of football. With Onefootball, you have direct access to all the international competitions and teams. Personalize the app by adding the most important competitions and teams to your favorites. Stay in touch and share your feedback with us!Facebook: facebook.com/Onefootball Twitter: @OnefootballEmail: feedback@onefootball.com","Free","Sports","29.3 MB","Onefootball GmbH","4 and a half stars","56 Ratings","https://itunes.apple.com/us/app/onefootball-football-news/id382002079?mt=8""
"
"cPro Craigslist client • Mobile Free Craigslist app for iPhone and iPad • Favorites, Posting, Notifications, Saved Searches and Map Browser","Escargot Studios, LLC","Apple: One of the Best Apps of the YearCraigslist Multi-City Search • Posting • Notifications • Photo Previews • Photo Wall • Map Browser • Account Management Officially licensed PRO Craigslist App cPro (CraigsPro) features an intuitive interface and essential set of features to browse and post to Craigslist. It also includes Notifiers that run your Craigslist searches in the background and notify you of new matches. The New York Times: ""iPhone users have a secret weapon in CraigsPro, which lets you search Craigslist much more easily than the Web site, and it offers a handful of other great features.""BROWSING: • MULTI-CITY Craigslist searches • MAP BROWSER • PHOTO GALLERY • GPS-based AUTO-LOCATION • search results with PHOTOS and listing previews • zoomable FULL-SCREEN PHOTOS • all Craigslist cities, states, countries and continents • enhanced 20+ SEARCH OPTIONS tailored to different search categories - for sale, housing, jobs, gigs, etc • NEIGHBORHOOD support in metropolitan areas • TIME SINCE POSTED indicators • REFRESH results directly from the results view page • Best of Craigslist included! POSTING: • Over 1,000,000 successfully posted Craigslist ads from the app! • POST a Craigslist ad in under 1 minute! • post from MULTIPLE Craigslist ACCOUNTS • take pictures with your CAMERA or use photos from your PHOTO ALBUMS • full-fledged Craigslist ACCOUNT MANAGEMENT including REPOSTING with photos, editing, and deleting/undeleting posted ads NOTIFIERS: • notifiers keep checking Craigslist until a new listing matching your search criteria is posted • fully configurable MULTI-CITY notifiers • NEW MATCH indicators BOOKMARKS: • save/bookmark FAVORITE Craigslist ads • add NOTES to your FAVORITE ads to keep track of your Craigslist discussions with posters • save FULLY-CONFIGURED Craigslist searches • EDIT saved Craigslist searches • TRACKING SYSTEM for saved searches with new match indicators • HISTORY of searches. REPEAT a search by tapping the 'bookmarks' button COMMUNICATIONS: • REPLY to posters by email • CALL / TEXT posters directly from Craigslist Pro • EMAIL / TEXT a listing to a friend • attach PHOTOS to replies • share Craigslist ads on TWITTER/FACEBOOK• integrated MAPS and DIRECTIONS to the posted location ESSENTIAL EXTRAS: • PHOTO WALL with matching results listed as photos • ALREADY SEEN Craigslist listing indicators• TIME SINCE POSTED indicators • FLAG inappropriate and best-of-craigslist ads • save posted photos to your PHOTO ALBUMS • SORT Craigslist results by date, best match, or low/high price • ORIGINAL Craiglist listing web page • results with DATE, LOCATION, and PRICE • PIN code lock protection CraigsPro results are always identical to Craigslist. You have the power of 20+ Craigslist search options to narrow down the search to whatever you are interested in. Continued use of GPS running in the background can dramatically decrease battery life. The craigslist and associated trademarks are owned by craigslist, Inc. and are being used under licensed permission from craigslist, Inc. for a limited purpose. www.craigslist.org***APPADVICE: ""Craigslist Pro isn’t just a website wrapper; it takes searching, posting, and managing your Craigslist account to a whole new level""HOUSE BEAUTIFUL: ""The entire world of Craigslist in the palm of your hand, with all gazillion listings: antiques, real estate, job openings."" FORBES: ""All of the features of Craigslist, but with a search agent option that notifies you of new results that match your terms."" CNET: ""If you want a better way to search or post to Craigslist ... Craigslist Pro has plenty to offer""CHICAGO NOW: ""It features a GPS-based auto-location of nearby Craigslist areas and a fast, streamlined selection of search areas""TAPSCAPE: ""The whole Craigslist browsing experience is so much improved you may never go back to the actual website""","Free","Catalogs","18.5 MB","Escargot Studios, LLC","4 and a half stars","1873 Ratings","https://itunes.apple.com/us/app/cpro-craigslist-client-mobile/id310947683?mt=8""
"
"AT&T Connect Mobile","AT&T Services, Inc.","ON THE MOVE? TAKE YOUR MEETINGS WITH YOU… AT&T; CONNECT® MOBILE FOR iOSJoin an AT&T; Connect web or audio/video conference using your iOS Device! With AT&T; Connect on the iOS device you can attend audio, web meetings from virtually anywhere in the world. AT&T; Connect makes mobile conferencing easy. View whiteboard content, see other participants, who’s talking, raise your hand, or give your presenter a “thumbs up!”. AT&T; Connect’s converged design means that you can seamlessly interact with colleagues that join via phone or computer! AT&T; Connect is a scalable desktop / mobile conferencing solution that provides rich, integrated capabilities for company-wide unified communications.AT&T; Connect® Mobile on your iOS device provides a virtual conference space that lets you easily participate in an AT&T; Connect conference using existing Internet and telephone resources.With your iPhone/iPad you can:• Start and schedule AT&T; Connect conferences as the host.• Attend AT&T; Connect conferences as a participant.• Connect your audio using VoIP.• Participate in multiparty video conference sessions.• View whiteboard content.• As a presenter, you can share files from your iPad.• See the other participants in the Participants list.• As the host, open a waiting room for latecomers or back-to-back conferences.• Chat with participants.• Write and save meeting minutes.• See who is speaking and raising their hands.• Share emoticons.","Free","Business","12.8 MB","AT&T Services, Inc.","3 stars","641 Ratings","https://itunes.apple.com/us/app/at-t-connect-mobile/id318798264?mt=8""
"
"My Talking Tom","Outfit7 Limited","Discover the #1 games app in 135 countries! Adopt your very own baby kitten and help him grow into a fully grown cat. Name him and make him part of your daily life by feeding him, playing with him and nurturing him as he grows.Dress him up any way you like and pick from a wide selection of fur colors and other accessories. Decorate his home and check out how others decorated their My Talking Tom homes. Play games with your Tom and watch as he becomes a part of your everyday life. FEATURES: - Play over 10 mini-games: Memory Game, Whack-A-Mouse, Connect and more! Earn gold coins and have fun! - Record & watch videos: Record and share your own My Talking Tom videos and watch other videos too.- Nurture your very own Tom: Play games with him, feed him his favorite foods, tuck him into bed. - Visit your friends & other players' Talking Toms: Check out the apartments and look of other Toms, find treasure chests and get coins! - Enjoy life-like emotions: Tom can be happy, hungry, sleepy, bored... his emotions change according to how you play with him. - Unleash your creativity: Create your very own Tom by choosing from 1000’s of combinations of furs, clothing and furniture. - Get rewards as you progress: Help Tom grow through 9 different stages and 999 levels unlocking new items and coins as you go! - Interact with Tom: Talk and Tom still repeats everything you say. Poke, stroke and tickle him, and watch how he responds. This app is PRIVO certified. The PRIVO safe harbor seal indicates Outfit7 has established COPPA compliant privacy practices to protect your child’s personal information. Our apps do not allow younger children to share their information.This app contains:- Promotion of Outfit7's products and contextual advertising- Links that direct customers to our websites and other Outfit7 apps- Personalization of content to entice users to play the app again- The possibility to connect with friends via social networks- Watching videos of Outfit7's animated characters via You Tube integration- The option to make in-app purchases- Items are available for different prices in virtual currency, depending on the current level reached by the player- Alternative options to access all functionalities of the app without making any in-app purchases using real moneyTerms of use: http://outfit7.com/eula-ios/Privacy policy: http://outfit7.com/privacy-policy/","Free","Games","80.3 MB","Outfit7 Limited","4 and a half stars","1549 Ratings","https://itunes.apple.com/us/app/my-talking-tom/id657500465?mt=8""
"
"Like4Like: get more free likes and followers for Instagram","Yafeng Tang","Get genuine likes and followers on Instagram photosWant to like others' photos, but they don't like back? Like4Like aggregates all Instagram users with this common interest, people can genuinely show likes for each other's photos. You can also promote yourself for other users to follow!How does it work? Firstly, login your Instagram account, then: - You like others' photos or follow others, the effort are rewarded with credits - Choose your own photos for others to like, or promote yourself for others to follow - Tens of thousands of likes and followers can be got here, it's fast and reliable!The more Instagram photos you like, the more likes you can get! It's that easy!We don't use robots. All are REAL Instagram people!FAQ: Does Like4Like use or store my user name and password? - Your user name and password are passed safely to Instagram for authentication. We don't use or store it anywhere. This is a huge difference of Like4Like from other similar services.FAQ: Why don't Like4Like offer Auto Liker feature? - We want all likes to be genuine. We never like or follow without your consent. And technically, Auto Liker feature requires you give out your user name and password, that's something we don't do.","Free","Reference","8.8 MB","Yafeng Tang","5 stars","2096 Ratings","https://itunes.apple.com/us/app/like4like-get-more-free-likes/id733195980?mt=8""
"
"Theme Wallpapers HD to Beautify Your Screen using ImagePro Google Image Search","Escargot Studios, LLC","Enhance your Home and Lock Screens with these stunning wallpapers for iOS 8. • 10,000+ HD quality Wallpapers• 1,000,000+ active users• daily updates• dozens of categories (from nature to 3D abstract art)• natural iOS 8 supportScreenTilt: exclusive device tilt feature rapidly gets a new set of wallpaper thumbnail previews. Rapid Preview: Home and Lock Screens wallpaper preview in a single button tap.Robust ImagePro turbo search engine based on the google image search finds any amazing wallpaper you can only think of. A fresh app from Escargot Studios. If you can't find an incredible wallpaper using this app, most likely it doesn't exist!","Free","Entertainment","6.7 MB","Escargot Studios, LLC","4 and a half stars","325 Ratings","https://itunes.apple.com/us/app/theme-wallpapers-hd-to-beautify/id489185870?mt=8""
"
"cPro Craigslist client • Mobile Free Craigslist app for iPhone and iPad • Favorites, Posting, Notifications, Saved Searches and Map Browser","Escargot Studios, LLC","Apple: One of the Best Apps of the YearCraigslist Multi-City Search • Posting • Notifications • Photo Previews • Photo Wall • Map Browser • Account Management Officially licensed PRO Craigslist App cPro (CraigsPro) features an intuitive interface and essential set of features to browse and post to Craigslist. It also includes Notifiers that run your Craigslist searches in the background and notify you of new matches. The New York Times: ""iPhone users have a secret weapon in CraigsPro, which lets you search Craigslist much more easily than the Web site, and it offers a handful of other great features.""BROWSING: • MULTI-CITY Craigslist searches • MAP BROWSER • PHOTO GALLERY • GPS-based AUTO-LOCATION • search results with PHOTOS and listing previews • zoomable FULL-SCREEN PHOTOS • all Craigslist cities, states, countries and continents • enhanced 20+ SEARCH OPTIONS tailored to different search categories - for sale, housing, jobs, gigs, etc • NEIGHBORHOOD support in metropolitan areas • TIME SINCE POSTED indicators • REFRESH results directly from the results view page • Best of Craigslist included! POSTING: • Over 1,000,000 successfully posted Craigslist ads from the app! • POST a Craigslist ad in under 1 minute! • post from MULTIPLE Craigslist ACCOUNTS • take pictures with your CAMERA or use photos from your PHOTO ALBUMS • full-fledged Craigslist ACCOUNT MANAGEMENT including REPOSTING with photos, editing, and deleting/undeleting posted ads NOTIFIERS: • notifiers keep checking Craigslist until a new listing matching your search criteria is posted • fully configurable MULTI-CITY notifiers • NEW MATCH indicators BOOKMARKS: • save/bookmark FAVORITE Craigslist ads • add NOTES to your FAVORITE ads to keep track of your Craigslist discussions with posters • save FULLY-CONFIGURED Craigslist searches • EDIT saved Craigslist searches • TRACKING SYSTEM for saved searches with new match indicators • HISTORY of searches. REPEAT a search by tapping the 'bookmarks' button COMMUNICATIONS: • REPLY to posters by email • CALL / TEXT posters directly from Craigslist Pro • EMAIL / TEXT a listing to a friend • attach PHOTOS to replies • share Craigslist ads on TWITTER/FACEBOOK• integrated MAPS and DIRECTIONS to the posted location ESSENTIAL EXTRAS: • PHOTO WALL with matching results listed as photos • ALREADY SEEN Craigslist listing indicators• TIME SINCE POSTED indicators • FLAG inappropriate and best-of-craigslist ads • save posted photos to your PHOTO ALBUMS • SORT Craigslist results by date, best match, or low/high price • ORIGINAL Craiglist listing web page • results with DATE, LOCATION, and PRICE • PIN code lock protection CraigsPro results are always identical to Craigslist. You have the power of 20+ Craigslist search options to narrow down the search to whatever you are interested in. Continued use of GPS running in the background can dramatically decrease battery life. The craigslist and associated trademarks are owned by craigslist, Inc. and are being used under licensed permission from craigslist, Inc. for a limited purpose. www.craigslist.org***APPADVICE: ""Craigslist Pro isn’t just a website wrapper; it takes searching, posting, and managing your Craigslist account to a whole new level""HOUSE BEAUTIFUL: ""The entire world of Craigslist in the palm of your hand, with all gazillion listings: antiques, real estate, job openings."" FORBES: ""All of the features of Craigslist, but with a search agent option that notifies you of new results that match your terms."" CNET: ""If you want a better way to search or post to Craigslist ... Craigslist Pro has plenty to offer""CHICAGO NOW: ""It features a GPS-based auto-location of nearby Craigslist areas and a fast, streamlined selection of search areas""TAPSCAPE: ""The whole Craigslist browsing experience is so much improved you may never go back to the actual website""","Free","Catalogs","18.5 MB","Escargot Studios, LLC","4 and a half stars","1873 Ratings","https://itunes.apple.com/us/app/cpro-craigslist-client-mobile/id310947683?mt=8""
"
"Shazam Encore","Shazam Entertainment Ltd.","Shazam is the best way to identify music and TV around you. Tap the Shazam button to instantly identify, explore, buy and share.Turn on Auto Shazam and we’ll keep finding music and TV even when you leave the app. Check out trending sounds from all around the world, and get new content daily from your favourite Shazamed artists.Once you Shazam music, you can easily:• Preview and buy tracks on iTunes• Sing along to the beat with real time lyrics• Watch music videos on YouTube• Share your discoveries on Facebook, Twitter, WhatsApp, Google+ and Pinterest• Listen to your Shazams in Rdio, Beats Music, Spotify, Deezer or Google Play All Access (where available)• Connect to Spotify / Rdio to play full tracks in Shazam and add your Shazams to Spotify / Rdio playlists• Start an iTunes Radio station based on tracks you've Shazamed (where available)• See song recommendations from others like youYou can also use Shazam with TV:• Shazam your favorite TV shows for the cast, soundtracks, and more• Shazam ads to watch again, share with friends, or get special offersWant even more?• Turn on Auto Shazam, and the app will continuously identify music and TV, while respecting your battery life and privacy• Go to shazam.com to see your entire Shazam history; sign in to Facebook to get started• Check out News to discover great new videos, updates and more, from artists and TV shows you’ve Shazamed; plus see what your friends are Shazaming• Pulse has real-time top charts showing you what’s being Shazamed right now• Explore shows you what’s trending around the world and zoom in for local chart knowledge• Book concert tickets for artists you’ve ShazamedNotes:• Previewing and buying music requires the iTunes music store in your country. Previews are courtesy of iTunes. • Continued use of GPS running in the background can dramatically decrease battery life.• Lyrics and LyricPlay™ available: US, CA, UK, FR, IT, DE, ES, AU, NZ","$6.99","Music","37.9 MB","Shazam Entertainment Limited","3 and a half stars","12 Ratings","https://itunes.apple.com/us/app/shazam-encore/id337288863?mt=8""
"
"recipes+ Magazine","PBL MEDIA PTY LTD.","Subscribe today to get your first issue FREE on 1 & 2 month subscriptions. Subscribe for 6 or 12 months and receive a FREE 30 day trial (confirmed at time of purchase for first time subscribers)Enjoy more than 300 scrumptious recipes and helpful cooking tips every month. The recipes are affordable, simple to prepare and cook, and created with readily available supermarket ingredients. The monthly meal planner in each issue, with 20 budget-wise and nutritionally balanced recipes, helps readers save time and money.Download the application to purchase digital replicas of your favourite magazine from inside the Newsstand app.Individual issues are available for only AUD $2.99, or subscribe for your preferred term;2 monthly subscription for AUD $3.99Yearly subscription for AUD $19.99 (12 issues a year)Subscriptions will automatically renew unless auto-renew is switched off at least 24 hours before the end of your current period. The auto renew setting can be found within your iTunes Store account settings on your device.","Free","Food & Drink","18.8 MB","PBL MEDIA PTY LTD.","1 star","6 Ratings","https://itunes.apple.com/us/app/recipes+-magazine/id574676839?mt=8""
"
"INSTYLE Magazine","Time Inc.","New!  Experience INSTYLE magazine on the iPad or iPhone! New and improved version with pinch and zoom, retina display and bookmarking capabilities.INSTYLE on the iPad and iPhone brings you the latest fashion and beauty tips to help you create your own unique look. Each issue is packed with celebrity style secrets, hot fashion trends, best beauty buys, hair, makeup, accessories and more. Download our free app today, select the issue for purchase or subscribe and save over 60% off the single copy price! If you currently subscribe to INSTYLE magazine, the iPad and iPhone editions are included once you sign in within the app. InStyle Subscriptions Available:   • 1-month subscription- $1.99, automatically renewed until cancelled   • 1-year subscription - $23.99, automatically renewed until cancelled   • Single issue - $4.99 (no automatic renewal)SUBSCRIBERS’ AUTOMATIC-RENEWAL FEATURE: Your subscription will be charged to your iTunes account at confirmation of purchase and will automatically renew unless auto-renew is turned off at least 24-hours before the end of your current period.  Your iTunes account will automatically be charged at the same price for renewal, as stated above, within 24-hours prior to the end of the current period.Current subscribers may not be canceled during the active subscription period, but you can manage your subscription and/or turn off auto-renewal by visiting your iTunes Account Settings after purchase.NOTE: WHEN PURCHASING A SUBSCRIPTION OR SINGLE-COPY OF THIS TITLE, YOU AGREE TO THE PRIVACY POLICY AND TERMS OF SERVICE WHICH CAN BE VIEWED BY GOING TO: https://subscription.timeinc.com/storefront/privacy/instyle/generic_privacy_new.html?dnp-source=M https://subscription.timeinc.com/storefront/privacy/instyle/privacy_terms_service.html","Free","Lifestyle","10.6 MB","TI Media Solutions Inc.","3 and a half stars","2063 Ratings","https://itunes.apple.com/us/app/instyle-magazine/id475770351?mt=8""
"
"iHome+Sleep, the alarm clock app from the experts on alarm clocks","iHome","iHome+Sleep is the award-winning*, feature-rich alarm clock for iOS devices from iHome. iHome+Sleep requires iOS 6.0 or later on iPhone, iPod touch, or iPad. For extensive information about iHome apps and app-enhanced products, visit us at http://www.ihomeaudio.com/apps.iHome+Sleep is the most feature rich alarm clock app for iOS. Including many ways to enhance your sleep lifestyle, including:• Fully customizable alarm manager• Nap alarms• Gentle wake• Wake and Sleep volume control• Wake and Sleep to iPod library• Wake and Sleep to Internet Radio (requires TuneIn account) * this feature is currently unsupported, a fix will be submitted soon to restore the usability• Wake and Sleep to Zen Sounds (requires iHome Zen app. **PLEASE NOTE: This feature requires an iCloud account! You must be logged in to iCloud to get Zen sounds in iHome Sleep!**)• Full screen clock display with custom photo backgrounds• Sleep statistics and editable sleep log• Wake and Sleep reminders* Award-winning:iHome+Sleep and related app-enhanced products have won numerous awards, including:• 2010 CES Innovations Design and Engineering Award (iA5)• 2011 CES Innovations Design and Engineering Award (iA100)• 2011 CES Innovations Design and Engineering Award (iA63)• iLounge's CES 2010 Best of Show (iHome+Sleep, iA100)• iLounge's CES 2010 Best of Show Finalist (iA5)• Chicago Tribune: Gadget Roundup's Gadget of the Year 2010 (iA100)• iLounge's 2010 Clock Radio of the Year (iA100)• iLounge's 2010 iPad/iPhone/iPod Accessory of the Year (iA100)The Innovations Design and Engineering Award is based upon descriptive materials submitted to the judges. CEA did not verify the accuracy of any submission or of any claims made and did not test the item to which the award was given.","Free","Utilities","40.6 MB","SDI Technologies","2 stars","76 Ratings","https://itunes.apple.com/us/app/ihome+sleep-alarm-clock-app/id346249053?mt=8""
"
"Onefootball - Football News & Live Scores","Onefootball GmbH","Onefootball is the best app for football fans. Get all the latest football news, live scores, results, highlights and more from the Premier League, Champions League and all international competitions.EVERY MATCH, EVERY GOALGet close to the action with Onefootball’s minute-by-minute live commentary – written by experts and with super fast push notifications. You can also predict the result of all Premier League matches and vote your ‘Oneplayer’.ALL THE NEWS & TRANSFERSYour daily dose of everything that happens on and off the pitch. The best news from all international competitions, including detailed analyses, transfer rumors and more.EVERYTHING ABOUT YOUR CLUBAll you need to know about your favorite team: Fixtures, insider news and video channels are always on hand in the team section.ALL THE LEAGUES & TEAMSExplore the global world of football. With Onefootball, you have direct access to all the international competitions and teams. Personalize the app by adding the most important competitions and teams to your favorites. Stay in touch and share your feedback with us!Facebook: facebook.com/Onefootball Twitter: @OnefootballEmail: feedback@onefootball.com","Free","Sports","29.3 MB","Onefootball GmbH","4 and a half stars","56 Ratings","https://itunes.apple.com/us/app/onefootball-football-news/id382002079?mt=8""
"
"NetBenefits","Fidelity Investments","The NetBenefits® smartphone app gives you the ability to access your Fidelity workplace accounts — including retirement, stock, and pension plans, plus the health benefits you’re enrolled in — right on your iPhone® or iPod touch®.SEE HOW YOU’RE DOINGInteractive features like the Retirement Readiness Quiz and Peer Comparison help you visualize how your retirement savings stack up against others like you — just by answering a few quick questions. GET THE HELP YOU NEEDCall a rep – instantly connect to customer support by tapping “Give Us a Call.” Or visit the Library for financial educational information to better understand your options and make informed choices for retirement planning. Browse our collection of articles, videos, and podcasts.MONITOR YOUR ACCOUNTS•	Retirement Accounts — Keep your financial goals on track by monitoring your plan balances (including pension, if available) and investments, your plan’s account performance, and more. •	Stock Plans — Monitor your stock plan account information, exercise employee stock options, and accept grants. •	Health & Insurance — Get a complete view of the medical, dental, and vision health and insurance plans you are enrolled in, as well as in- and out-of-network costs, coverage information, and provider contacts. •	Other Accounts — Review other Fidelity accounts, like 529 college savings plan accounts and brokerage accounts, to see how they contribute to your overall financial strategy.Additional InformationThe NetBenefits® smartphone app is available to individuals who have one or more employer-sponsored workplace benefits provided by Fidelity Investments. Please note that the app is currently not available for use with Fidelity-serviced HR/Payroll plans.Employer-sponsored account functionality includes transactions for employee stock plans, as well as investment and contribution changes for retirement plans (availability may vary depending on plan); for all other accounts, functionality is limited to viewing account balances, history, positions, year-to-date performance, and benefits information.NetBenefits and the NetBenefits design logo are registered service marks of FMR LLC. The images below are for illustrative purposes only.","Free","Finance","13.6 MB","Fidelity Investments","4 stars","25 Ratings","https://itunes.apple.com/us/app/netbenefits/id640179084?mt=8""
"
"Super Sound Box - 100 Free Sound Effects!","Cookie Balloon LLC","The ultimate FREE sound app! Play 111 AWESOME high quality sound effects with the touch of a button! Annoy your family, scare your friends, confuse your pets!FOR FREE!- Fully customized buttons with lush retina graphics.- Alarms, Weapons, Animals, Funny Voices, Laughs, Scifi FX, and more!Version 1.0 includes these awesome sounds:Alarm, Assault Rifle, Self Destruct, Smoke Alarm, Police, Demonic Laugh, Laser, Ooh Yeah, Kitten, Headshot, Chaching, Bugle Charge.1.1 Includes:Dog, Rooster, Moo, Hockey Organ, Boxing Bell, Horse, What?, Magic Blast, Fart, Gong, Explosion, Door Bell.1.2 Includes:Elephant, Fireworks, Burp, Female Scream, Kiss, Cat Call, Punch, Bummer, Shut Up!, Yeehaw!, Oh Come On!1.4 Includes: Bowling Strike, You Suck!, Powerup, Speak Up, Car Alarm, Evil Toy, Harp, Toy Siren, Train Horn, Excellent, Sonar, Magic Blast 2.1.5 Has 12 more sounds!1.6 Has 12 More!1.14 is now 100 sounds!!Download 300+ Super Sound Box for 225 additional sounds & FREE UPDATES!","Free","Lifestyle","20.3 MB","Cookie Balloon LLC","4 and a half stars","278 Ratings","https://itunes.apple.com/us/app/super-sound-box-100-free-sound/id394858530?mt=8""
"
"Marine Weather by AccuWeather","AccuWeather International, Inc.","Stay connected to the latest, real-time, marine weather conditions with Marine Weather™ by AccuWeather. Designed for mariners and other water hobbyists, this free, customizable app features MinuteCast™, the leading minute-by-minute weather forecast that is hyper-localized to your exact location.   •AccuWeather MinuteCast™ – minute-by-minute weather forecasts for the next two hours hyper-localized to your exact GPS location or street address. Includes precipitation type and intensity, and start and end times for precipitation. Available for the United States and Canada. Boaters within 400nm of the coastline can use MinuteCast to track and time storms, and select a map point to get MinuteCast for that location in addition to their current location.•Information rich including buoy data, tides, radar, wind speed and direction, dew point, air temperature, barometric pressure, weather maps, radar, times for sunrise/sunset and moonrise/moonset, moon phases and transit, and sea surface temperatures.•Tropical Maps for the Atlantic and Pacific Oceans, window of movement on any named tropical system, severe weather watches and warnings, wind radius, storm surges, and storm history information.•Animated weather radar and maps for tracking the storm’s path. Weather radar available in the United States, Canada, Spain, and Japan. Additional maps showing sea surface temperatures and anomalies, and wave heights and surface winds. Wave heights and surface wind data available for every three hours through to 180 hours. •Marine weather forecasts available for the United States, Canada, United Kingdom, Spain, and Australia. For the United States, Marine Weather by AccuWeather encompasses all coastal regions, including the Great Lakes, Alaska, Hawaii, and Puerto Rico. Download Marine Weather by AccuWeather today for free and experience the Superior Accuracy™ that comes from high-quality weather forecasting. ","Free","Weather","40.1 MB","AccuWeather International, Inc.","1 and a half stars","11 Ratings","https://itunes.apple.com/us/app/marine-weather-by-accuweather/id497489376?mt=8""
"
"High School Story","Pixelberry Studios","Live high school your way! Welcome to the most popular high school game on mobile and tablets.5/5 ""Out of all the iPhone games I've played, High School Story is easily the one with the most heart."" - K. Alpert5/5 ""I'm way past my high school years... but this game is hands down one of the best games I have ever played."" - Kaytumbear99Create the school of your dreams, filled with all your friends. Throw parties, go on dates, and recruit jocks, nerds, cheerleaders, and MANY MORE classmates to unlock their stories! Throw parties, go on wild trips, take your team to the next level, and discover hundreds of other adventures!- THROW PARTIES to unlock over 30 characters!- DATE your crush and play matchmaker for everyone at your school!- BATTLE a rival high school in an evolving story, including a showdown at the Homecoming game, a science fair, a prank war, and more!- PUT YOUR FRIENDS in the game and join them on adventures, dates, and parties!- MAKE NEW FRIENDS and play their stories!- BUILD your dream school and decorate it with everything from a half-pipe to a box of puppies!- CUSTOMIZE your look and choose your clique!- LEARN new vocabulary in fun mini-games!- ENJOY tons of new content every week, including more characters, more stories, and more romance!Please note that High School Story is completely free to play, but you can purchase some game items with real money. If you don’t want to use this feature, you can disable in-app purchases in your device’s settings.-----------------------------------------------To our players:  Thank you for your passion.  Pixelberry is a firm believer that games can make a difference.  And you’ve proven they can.  When we partnered with non-profits, like The Cybersmile Foundation, a cyberbullying non-profit, and the National Eating Disorders Association (NEDA) you responded with great enthusiasm.  Together, we’ve done some amazing things. * Over 4 million players have learned more about cyberbullying.* Over 30,000 players have visited NEDA's sites to learn more about eating disorders.* And thousands of players have reached out to Cybersmile, often for help with bullying.Thank you!  We really, sincerely appreciate your enthusiasm and support.- The Pixelberry Team-----------------------------------------------Your use of this application is governed by the Terms of Service available at: http://highschoolstory.com/terms-of-service/Collection and use of your data are subject to the Privacy Policy available at:http://highschoolstory.com/privacy-policy/Get the game now to join in the fun!Chat with us: facebook.com/HSSgameFollow us: twitter.com/HSSGame","Free","Games","92.7 MB","Pixelberry Studios","4 and a half stars","3678 Ratings","https://itunes.apple.com/us/app/high-school-story/id631658837?mt=8""
"
"Where's my MBTA Bus? Lite","Vladimir Grinman","Where’s my MBTA Bus? Lite Version 2.3Developed by Alex GrinmanThis app is the lite version of “Where’s my MBTA Bus?” It provides predictions only for the following routes in vicinity of Boston University: 8, 9, 19, 47, 57, 60, and 65. “Where’s my MBTA Bus? Lite” is an app for Massachusetts transit riders who want to know exactly where their bus is and when it will arrive. It can help riders decide if they need to rush or can restfully finish their morning coffee. Features of the full version:- Universal app; supports iPad, iPhone, and iPod Touch- Real-time arrival predictions for all MBTA bus stops- Real-time bus locations for all MBTA routes- View official MBTA Alerts- Guided navigation to help riders find their stops - View entire route path with all stops and buses on the map- Walking directions to any MBTA stop- Save stops as Favorites to ensure quick access at any time- Quick access to predictions for the last viewed stop - Automatic refreshing of predictions and bus locationsThis app relies on data obtained from MBTA’s partnership with NextBus to provide real-time bus arrival predictions. We offer a pre-filled template to report problems, letting riders send feedback and improve the accuracy of predictions.  This app requires an Internet connection (3G or WiFi).The developer would like to thank the Boston University Mobile team who introduced him to the iOS development environment, and was very helpful during the course of the project.","Free","Navigation","17.8 MB","Vladimir Grinman","1 and a half stars","14 Ratings","https://itunes.apple.com/us/app/wheres-my-mbta-bus-lite/id409040926?mt=8""
"
"Constitution for iPhone and iPod Touch","Clint Bagwell Consulting","Senator Sam Ervin pulled one out of his pocket during the Watergate Hearings...Now prepare to own any legal debate with a copy of the US Constitution on your iPhone or iPod Touch!","Free","Reference","11.3 MB","Clint Bagwell Consulting","4 stars","10 Ratings","https://itunes.apple.com/us/app/constitution-for-iphone-ipod/id288657710?mt=8""
"
"Sell on Etsy","Etsy, Inc.","Take your Etsy shop to new places with Sell on Etsy, our app built just for sellers! Sell on Etsy lets you process payments for in-person sales, send convos, manage orders, create new listings, view your Shop Stats and more.Sellers in the U.S. can request a free Sell on Etsy Reader from within the app to start accepting credit or debit cards wherever they sell. We’ll let non-U.S. sellers know as soon as we expand.Key Features:- Sell Anywhere (U.S. only): Accept credit cards wherever you sell. Everything you sell in person will get captured in your Etsy shop. Visit etsy.com/reader for all the details.- Shop Activity Feed: See real-time updates about new purchases, buyer feedback, when shoppers favorite your items and more.- Shop Stats: Keep tabs on your views, favorites, orders and sales history.- Conversations: Stay on top of incoming messages, save and send common responses to save time and easily search your Conversations.- Manage Multiple Shops: Add more than one shop account and easily switch between them. - Order Management: Access open and completed orders, renew items from sold orders, mark as shipped, add private notes and send shipping notifications so buyers know when items are on the way.- Listings Manager: Create, edit, renew and publish listings directly from the app. Access shop sections and item variations for quick editing. Activate and deactivate items with one tap and put your shop on vacation when you need a break.- Notifications: “Cha-ching!” Get notified when someone purchases an item, sends you a new Convo or favorites your shop or items. (Control which notifications you receive in Settings).Compatibility:- You must have an Etsy shop to use this app.- Learn more about creating a shop at www.etsy.com/sell.If anything's acting up, we'll post about it here: http://etsystatus.com/","Free","Business","22.1 MB","Etsy, Inc.","2 stars","10 Ratings","https://itunes.apple.com/us/app/sell-on-etsy/id860815329?mt=8""
"
"Google Authenticator","Google, Inc.","Google Authenticator works with 2-Step Verification for your Google Account to provide an additional layer of security when signing in.  With 2-Step Verification, signing into your account will require both your password and a verification code you can generate with this app.   Once configured, you can get verification codes without the need of a network or cellular connection. Features include:- Automatic setup via QR code- Support for multiple accounts- Support for time-based and counter-based code generationTo use Google Authenticator, you need to enable 2-Step Verification on your Google Account.  Visit http://www.google.com/2step to get started.Requires iOS 5.0 or later.","Free","Utilities","7.7 MB","Google, Inc.","4 stars","42 Ratings","https://itunes.apple.com/us/app/google-authenticator/id388497605?mt=8""
"
"freecreditscore.com - Credit Score, Report & Monitoring","Experian","*Important note for freecreditreport.com and Experian Credit Tracker members: this app is for freecreditscore.com members only. Support for freecreditreport.com and Experian Credit Tracker members is coming soon.Get your Experian® Credit Score, plus so much more! Get notified when there’s a change to your credit, see how your Score changes over time, set credit goals, and use the Score Planner to understand how life events could positively or negatively affect your Credit Score. With enrollment in freecreditscore.com, members can enjoy true hands-on Credit Score Monitoring on iPhone® and iPad®. Not a member yet? Download the app for free, explore our credit education content, estimate your Experian Credit Score with our Score Planner, or sign up for a 7-day free trial membership to get your Experian Credit Score to see all the benefits of membership (credit card required). After trial, full membership is just $9.99 per month if you love it, or cancel anytime directly in the app with just a few taps. The revolutionary freecreditscore.com™ app for iPhone and iPad gives members unlimited access to their interactive Experian Credit Score and Credit Report. Tap, spin and interact with your credit picture in a completely re-imagined way. FEATURES • Experian Credit Score – See your Score history on an interactive graph to gain insights into how and why your Score is changing. Find out which factors are helping and hurting your Score. • Credit Summary – The Credit Summary Wheel can help you easily see the five key areas that most influence your Experian Credit Score to help you better understand your credit. • Score Planner™ – Our interactive Score Planner lets you see how various credit decisions, like applying for a loan or paying off debt, could positively or negatively affect your Experian Credit Score. Score Planner is available to members and non-members. • Credit Monitoring & Alerts – We alert you to any key changes such as new credit accounts opened in your name, an address change or inquiries on any of your accounts. Get notified when there is a change to your credit or your Score, or when your monthly credit statement is available. • Credit Reports & Monthly Statements – As a member, you get unlimited access to your Experian Credit Report where you can see details on all your credit accounts, and your Monthly Credit Statement, a monthly snapshot of all your vital credit information. • Identity Protection – We work to keep your identity your own with daily identity theft monitoring, dedicated Fraud Resolution Support to help you handle any suspicious activity, and a $50,000 Product Guarantee.* Membership includes access to a live Fraud Resolution Representative 7 days per week. • Credit Resources – We offer the latest credit information you need to help understand your Credit Score including: Credit Education Articles, Videos and a Credit Glossary. If you’re already a freecreditscore.com member, just sign in with your Username and Password. Understanding your credit has never been easier with the new freecreditscore.com app for iPhone and iPad. *Due to New York state law restrictions, the freecreditscore.com Guarantee cannot be offered to residents of New York.","Free","Finance","24.9 MB","Experian","2 stars","44 Ratings","https://itunes.apple.com/us/app/freecreditscore.com-credit/id775884811?mt=8""
"
"Trails","Demand Media, Inc.","Are you looking for the perfect hiking trail? Do you need a virtual compass to help navigate directions? Now you can view professional, high quality trail guides on-the-go! The Trails.com app offers over 48,000 trail guides from the top outdoor publishers. Trail guides cover over twenty-four different outdoor activities including everything from mountain bike trails to off-road trails. You can search trails nearby, view details of specific trails and even get up-to-date weather conditions to ensure a quality outdoor experience. Features:· Ability to log in & gain unlimited access to all trail guides (requires a paid Trails.com subscription)· Up-to-date weather conditions, elevation, gps location and time of sunrise/sunset of your current location· Virtual compass for easy navigation· Ability to search all trail types in any specific region· Find places to hike, bike and other outdoor activities near you· View specific details on all trails (includes trail type, distance, duration, elevation & skill level)· Check out the current conditions of any trail· Save your favorite trails for future reference· View the map with all nearby trails icons for each specific activity· Ability to view trail guides by region The Trails.com app is FREE. Download this app today and get the tools and guidance you need for the optimal outdoor experience.","Free","Navigation","12.2 MB","Demand Media, Inc.","1 and a half stars","59 Ratings","https://itunes.apple.com/us/app/trails/id406997729?mt=8""
"
"MLB PrePlay","Pre Play Sports, LLC","Recently Updated (May 14th): MLB PrePlay is a game of epic multiplayer match-ups and a nail-biting race for the Triple Crown.  Test your baseball IQ by making predictions about upcoming innings and at-bats during all 2,430 real-life MLB games this season. The game is free to download and play, and it includes fun, useful In-App Purchases (you can disable this feature in your device settings). * * * * *    ""This is the best game I have ever played. It is fun, and it really changes the way I watch baseball""    * * * * *From the team of 20 devoted designers, developers, and baseball fanatics who produced MLB PrePlay, WE SAY: 25 million thank you's to the loyal PrePlayers who have already made 25 million predictions over the past two seasons AND we've kept MLB PrePlay free to play in 2014! You're all amazing and we hope you enjoy this incredible update with:WEEKLY CHALLENGES: Every week starts a new race for the elusive Triple Crown. You win, you wear the crown... but be prepared to defend it.   POWER-UPS: Pack a more powerful punch with your predictions by applying any one of six powerful strategy items. MATCH-UPS: Battle 1-on-1 with a real-life opponent for just a single inning. Winner takes all. STAFF: Hire the best possible Agent, Coach, and Trainer. These helpful guides will shower you with more Power-Ups, Bonuses, and Match-Ups than you can handle.","Free","Sports","26.7 MB","Pre Play Sports, LLC","4 stars","333 Ratings","https://itunes.apple.com/us/app/mlb-preplay/id542251211?mt=8""
"
"Freedom BMX","Factory Media","[GERMAN CONTENT] Das freedombmx Magazin bietet seit 1993 eine bunte Mischung aus der deutschen und internationalen BMX-Szene. Sowohl Anfänger als auch langjährige BMX-Fahrer kommen mit jedem Heft auf ihre Kosten, denn die Zeitschrift bietet neben Berichten über Contests, Jams und Roadtrips Interviews mit den besten Fahrern, stellt junge Talente vor und erklärt in jeder Ausgabe einen Trick Schritt für Schritt. Jedes Jahr kann man sich sechs Mal über Fotos von den besten BMX-Fotografen Europas und Texte aus der Feder von X-Games-Finalisten freuen. Endlich ein App um deine Lieblingsausgabe des freedombmx Magazins zu sehen. Durch interaktives Blättern, bei dem die Seiten deinen Fingern folgen und einer zusätzlichen Zoom-Funktion,werden die Probleme bezwungen, die jedem digitalem Ausgabegerät innewohnen. Ein einzigartiges Feature erlaubt es dir außerdem Magazine mit Freunden zu teilen - genauso, wie es in der realen Welt funktioniert. Zusätzlich hast du Zugang zu Bookmarks, der Inhaltsseite und einer großartigen Suchfunktion, die dir nicht nur erlaubt im aktuellen Magazin zu suchen, sondern auch in deinen Back-Issues. Ein Pixelmag can überall gelesen werden, völlig unabhängig von einer Datenverbindung. Dies ist essentiell, wenn du auf Reisen bist und du ein Magazin im Flugzeug oder im Zug lesen möchtest.*Sowohl alte Ausgaben als auch noch nicht erschienene Ausgaben können über das App erworben werden. Noch nicht erschienene Ausgaben kann man auch durch das folgende, selbsterneuernde Abonnement erhalten: -6 Ausgaben (1 Jahr) zu €11.99/ £10.49/ $14.99Das Abonnement beinhaltet die aktuelle Ausgabe (falls noch nicht erworben) und alle darauffolgenden Ausgaben. Zahlung erfolgt nach Auftragsbestätigung durch dein iTunes Konto. Das Abonnement verlängert sich automatisch, wenn die automatische Verlängerungsoption nicht mindestens 24 Stunden vor Ende der Ablaufzeit deaktiviert wird. Zahlung für das verlängerte Abonnement wird bis 24 Stunden vor Ende der Ablaufzeit von deinem Account abgebucht. Die Kosten für das verlängerte Abo bleiben gleich. Du kannst die automatische Verlängerungsoption nach Kauf deines Abos in den Einstellungen deines iTunes Kontos deaktivieren. Informationen zu unseren Allgemeinen Geschäftsbedingungen und Datenschutzrichtlinien findest du hier: http://www.pixelmags.com/t+c/current/  (englisch)Since 1993 freedombmx Magazine is offering a potpurri of the German and international BMX scene. Beginners and longtime BMX riders get their money's worth with every issue, because next to stories about contests, jams and roadtrips, the magazine offers interviews with the best riders, introduces the newest talent and in every issue gives a step-by-step explanation of a new trick. Published six times a year, you can enjoy pictures taken by the best BMX photographers in Europe and articles written by X-Games finalists. Finally an application to view your favourite issues of Freedom BMX.*Back issues and future issues are available for purchase within the App.Future issues are also available through the following auto-renewing subscription(s):-6 Issues (1 Year) at €11.99/ £10.49/ $14.99The subscription will include the current issue if you do not already own it and subsequently published future issues. Payment will be charged to your iTunes Account at confirmation of purchase. This subscription will automatically renew unless auto-renew is turned off at least 24-hours before the end of the current period, your account will be charged for renewal within 24-hours prior to the end of the current period. The cost of the renewal will match the initial subscription price.You may turn off auto-renewing subscriptions by going to your user’s Account Settings after purchase. No cancellation of the current subscription is allowed during your active subscription period. Please find our Terms and Conditions and Privacy Policy here: http://www.pixelmags.com/t+c/current/","Free","Sports","30.3 MB","Factory Media Limited","2 and a half stars","39 Ratings","https://itunes.apple.com/us/app/freedom-bmx/id468648045?mt=8""
"
"iPharmacy - Drug Guide & Pill Identifier","SigmaPhone LLC","Identify your pills, find the lowest price for your Rx, understand your medication treatment, lower your health bill. Now receive you daily health tips from trusted resources!  ~~~~~~~~~~~~~~~~~~~~~~~~~~~~~~~~~~~~~~~~~~~Join millions healthcare professionals and consumers users who download iPharmacy!  Coming this Fall: A grand prize will be awarded to the 3,000,000th user.~~~~~~~~~~~~~~~~~~~~~~~~~~~~~~~~~~~~~~~~~~~Introducing BerkeleyWellness -- ""BeWell"", your daily approach to a long and healthful life! >>> Powered by University of California, Berkeley School of Public Health & Remedy Health Media<< User testimonials <<<“This application has helped me with identifying many pills and has given me GREAT information on the 12 medications I take!” A Diabetes Patient “iPharmacy is a one-stop shopping for medicine information and savings.” A Patient “ I use iPharmacy to make sure all my medicines play nicely with each other and to know when is the best time to take them. “ A Traumatic Brain Injury Survivor <<<< Powered by GoodRx to find the lowest meds:Easily compare prices at local and mail order pharmacies to find the lowest price. Plus, find coupons, savings tips and more!  --- Over 1 million prices for more than 6,000 drugs at every major US pharmacy chain and many local stores--- Prices from all major US pharmacy chains and online pharmacies Information on manufacturer discount cards (free coupons provided by pharmaceutical manufacturers that can save you $500 or more)~~~~~~~~~~~~~~~~~~~~~~~~~~~~~~~~~~~~~~~~~~~**An excellent medical dictionary for both consumers and health professionals****Save up to 75% on prescription with a FREE discount card**** Built-in 12,000 pill and package images**** Controlled substances which are susceptible to addiction and abuse are labelled by US Department of Justice schedules. Best for law enforcement officers.     MEDICATION GUIDE # Identify medication of interest by brand name, generic name (ingredient), color/shape/imprint and bar code!# ""Best iPhone App for Prescription Reference"" in the O'Reilly book titled ""Best iPhone Apps"",  (2nd edition) 2010. (http://bit.ly/BestRxRef)# 2000 Controlled Substances by DEA Scheduling# Identify more than 10000 drug by imprint, color and shape!# Find out customer ratings / comments of your prescription.# Most commented medication includes XANAX, OXYCONTIN, ZOLOFT, PERCOCET, LISINOPRIL, ADDERALL, GABAPENTIN, ATIVAN, VICODIN and more.The PRESCRIPTION DISCOUNT CARD-- FREE pre-activated prescription discount card sponsored by RxRelief. -- Show the RxRelief card at your local pharmacy and save up to 75% on medication. -- Accepted by Walgreens, CVS, Walmart, Target, Kroger, Costco, RiteAid & 60,000+ participating pharmacies**-- Find a nearby discount pharmacy using pharmacy locatorREMINDER TO TRACK YOUR MEDICATION Maintaining a proper medication schedule requires discipline, and a helping hand from the iPharmacy app.Medical compliance is one of the biggest boosts you can give to your health. The iPharmacy app enables you to set reminders for multiple medications.  MEDICATION GUIDE INCLUDESoExclusively FDA-approved drug information such as:oIndications & UsageoDosage & administrationoContraindicationsoWarnings and precautionsoAdverse reactionsoDrug interactionsoOverdosagePlus more features coming soon!Please visit our website or email info@medconnections.com for further information.The iPharmacy application and its owners are not affiliated with FDA. All information presented by the application is for educational purpose solely. Nothing on the application should be taken to constitute professional advice or a formal recommendation. We exclude all representations and warranties relating to the content and use of these applications.","Free","Medical","9.4 MB","SigmaPhone LLC","2 and a half stars","18 Ratings","https://itunes.apple.com/us/app/ipharmacy-drug-guide-pill/id368679506?mt=8""
"
"Dolphin Browser - fast, secure, AdBlock-enabled web browsing","MoboTap Inc.","Dolphin is a free, fast, smart and personal web browser for iPhone and iPad. The exclusive features include one-tap share, tabbed browsing, cloud sync, gesture browsing, sonar search, speed dial, sidebar and a lot more to be discovered.Over 150,000,000 users have chosen Dolphin Browser because it simplifies and enriches their mobile life. Dolphin Browser is coming with a brand new look for iPhone 6/iPhone 6 plus that is fully compatible with iOS8. Download Dolphin now and enjoy the best iPhone web browser experience.**** FEATURES ***** ONE-TAP SHARERight from Dolphin, you can tweet web pages, post them to Facebook, share them via email, or Grab the content.* TABBED BROWSINGNo need to toggle between screens, Dolphin’s tabbed browsing allows you open and switch between Web pages fast like lightning.* SYNC- Send to device: Send links, maps, phone numbers and more from your desktop to your phone and vice versa with Chrome/Firefox/Safari extensions.- Dolphin Connect: Sync easily your history, bookmarks, passwords and open tabs across your mobile and PC.* GESTUREDolphin Gesture simplifies the way you navigate the mobile web. It allows you to access the web by creating a personal symbol for the sites you frequently visit.* SONARDolphin Sonar allows you to search, share, and navigate by shaking your phone and telling Dolphin what to do.* SPEED DIALVisit your favorite sites on the go with one touch.* SIDEBARSYou can make the best of mobile interface with bookmarks and open tabs on Dolphin sidebar.Download Dolphin Browser extensions and send web content between your mobile and desktop. Chrome: https://chrome.google.com/webstore/detail/dolphin-connect/pajecklcmiegagoelbbjldmfcbcpdpllFirefox: http://dolphin-apk.s3.amazonaws.com/extension/dolphinconnect.xpiSafari: http://dolphin-apk.s3.amazonaws.com/extension/dolphinconnect.safariextzDOLPHIN BROWSER IN MEDIA“Dolphin Browser's Gestures and sidebars make web surfing fast, intuitive and fun while on the go.” - USA Today“…it’s a great, simple browser that feels more at home on a touchscreen device than pretty much anything else you’ll try. - LifehackerABOUT DOLPHIN BROWSERDiscover more at http://www.dolphin.comContact us at support@dolphin.comJoin Dolphin Facebook Fan page: http://www.facebook.com/DolphinFans Follow Dolphin on Twitter: https://twitter.com/#!/DolphinBrowser","Free","Productivity","28.7 MB","MOBOTAP INC.","4 and a half stars","47 Ratings","https://itunes.apple.com/us/app/dolphin-browser-fast-secure/id452204407?mt=8""
"
"iHeartRadio: Free Music & Radio, Streaming AM & FM Stations, NPR, Podcasts, Playlists, Live News, & Sports","iHeartMedia Management Services, Inc.","iHeartRadio lets you listen online to the best live radio, sports, news, NPR, podcasts, and streaming music stations based on your favorite artists, songs or albums.The app includes over 20 million songs covering Pop, Country, Top 40, Hip-Hop, R&B;, Alternative, EDM, Rock, Reggae, Blues, House, Dubstep and more. Stream live AM and FM radio stations, experience iHeartRadio live music events, laugh to the best stand-up comedy and listen to commercial-free custom music.iHeartRadio is easy to use, and best of all, free. Stream your favorite music, shows and radio stations through:• For You - Personalized station recommendations tailored to your musical obsessions. • Favorites - Access your favorite stations right from the iHeartRadio home screen. • Perfect For - Looking for music to listen to while you work out, chill out, or take a road trip? iHeartRadio has hundreds of stations built to fit any mood or activity. • Podcasts - Listen to on-demand episodes from the best in News, Sports, Finance, Comedy, and Entertainment.With iHeartRadio, you can listen to your local radio station from across the country or get into workout mode with a personalized music playlist.Please let us know how we can improve by sharing your thoughts, wishes and wants at http://help.iheartradio.com!Stay completely up to date by joining our community on Twitter and Instagram @iHeartRadio, where you'll always get the latest music news, contests and access to your favorite artists.","Free","Music","34.3 MB","iHeartMedia Management Services, Inc.","4 and a half stars","166 Ratings","https://itunes.apple.com/us/app/iheartradio-free-music-radio/id290638154?mt=8""
"
"Hanx Writer","Hitcents.com, Inc.","Behold, Hanx Writer, created by Tom Hanks. Hanx Writer recreates the experience of a manual typewriter, but with the ease and speed of an iPad and iPhone.“With Hanx Writer, you’ll hear the rhythm of your work with SHOOK SHOOK or FITT-FITT.” – Tom HanksNo longer must you surrender modern luxuries, like the DELETE key, to enjoy the look, feel, and sound of good, old-fashioned word-processing. Each document crafted in Hanx Writer can be emailed, printed, and shared and has its own unique statement-making personality.  Explore the Hanx Writer typewriter collection. The Hanx Prime Select is the writer’s best friend and it’s FREE; the Hanx 707 is bold enough for any journey; and the Hanx Golden Touch is sleek and elegant.  Discover the unique features each typewriter has to offer.  You already know how to work them - now get writing!","Free","Utilities","43.6 MB","Hitcents.com, Inc","4 and a half stars","377 Ratings","https://itunes.apple.com/us/app/hanx-writer/id868326899?mt=8""
"
"Fonts","Lonely Pole","Displays all of the fonts on iOS devices. The list shows the font families, then each font (normal, bold, oblique) within the family. Easily enter text to see how it will appear in each font; change the point size; view the Unicode characters in the font.This application is for developers who want to see what fonts are available and how they look at various point sizes.This application does NOT change the actual font used by the system, nor can it change the font used by other applications.The name of the font is what a developer needs to use the font in an application.","Free","Utilities","0.3 MB","Lonely Pole Ivs","2 stars","215 Ratings","https://itunes.apple.com/us/app/fonts/id285217489?mt=8""
"
"Mathway","Mathway, LLC","Solve your math problems anywhere, anytime.Bring the solving power of Mathway to your iOS device, no network access required!  Get free instant answers to your math problems, or subscribe to include step-by-step work and explanations.  With hundreds of millions of problems already solved, Mathway is the #1 problem solving resource available for students, parents, and teachers.Mathway solves problems in Basic Math, Pre-Algebra, Algebra, Trigonometry, Precalculus, Calculus, Statistics, Finite Math, Linear Algebra, and Chemistry.Optional Mathway Subscription:- $19.99 monthly plan and $99.99 annual plan available- Payment will be charged to iTunes Account at confirmation of purchase- Subscription automatically renews unless auto-renew is turned off at least 24-hours before the end of the current period- Account will be charged for renewal within 24-hours prior to the end of the current period, and identify the cost of the renewal- Subscriptions may be managed by the user and auto-renewal may be turned off by going to the user's Account Settings after purchase- No cancellation of the current subscription is allowed during active subscription periodPrivacy Policy URL: https://mathway.com/privacyTerms of Use URL: https://mathway.com/terms","Free","Education","27.3 MB","Mathway, LLC","3 and a half stars","57 Ratings","https://itunes.apple.com/us/app/mathway/id467329677?mt=8""
"
"Get Likes for Instagram - Get more Likes on Instagram","Mech Bracket LLC","Wanna get THOUSANDS of Likes on Instagram for FREE? Get Likes for Instagram is the most fun way to do just that!~We value your privacy! We never ""like"" pictures for you~ Want more likes on your Instagram photos? Get Likes can get you thousands of GENUINE likes on your photos every day! This is no computer robot or anything like that- it's REAL people who are also Instagram users liking your pics! How It Works: 1. You like other people's pictures to earn coins. (Earn twice as many coins when you upgrade to a PRO account) 2. Use your coins to get REAL people to like your photos. 3. One step closer to trending on Instagram :) The more coins you earn, the more Likes you can get! It's that easy!","Free","Social Networking","8.2 MB","Mech Bracket LLC","4 and a half stars","7116 Ratings","https://itunes.apple.com/us/app/get-likes-for-instagram-get/id859022045?mt=8""
"
